{"cameraMode":{"drawMode":0,"name":"Shaded","section":"Shading Mode"},"sceneLighting":false,"audioPlay":false,"sceneViewState":{"m_AlwaysRefresh":false,"showFog":true,"showSkybox":true,"showFlares":true,"showImageEffects":true,"showParticleSystems":true,"showVisualEffectGraphs":true,"m_FxEnabled":true},"in2DMode":false,"pivot":{"x":4.8667168617248539,"y":3.0460329055786135,"z":-1.825042724609375},"rotation":{"x":-0.037021275609731677,"y":0.3670109510421753,"z":-0.014612999744713307,"w":-0.9293947219848633},"size":4.517264366149902,"orthographic":false}